mol,ANI_energy(hartree),ANI_energy(kcal/mol)
,-3051.5878736232653,-1914898.8549894616
