mol,ANI_energy(hartree),ANI_energy(kcal/mol)
,-3051.5899409507647,-1914900.1522560734
