mol,ANI_energy(hartree),ANI_energy(kcal/mol)
,-3051.5899409507647,-1914900.1522560734
,-3051.585560963048,-1914897.4037743614
,-3051.5878736232653,-1914898.8549894616
