mol,ANI_energy(hartree),ANI_energy(kcal/mol)
,-3051.597998545064,-1914905.2084690146
,-3051.597282097234,-1914904.7588915532
,-3051.598502800359,-1914905.5248937504
