mol,ANI_energy(hartree),ANI_energy(kcal/mol)
,-3051.593929693593,-1914902.655228097
,-3051.5970653747454,-1914904.6228962413
,-3051.5972110484972,-1914904.7143078316
