mol,ANI_energy(hartree),ANI_energy(kcal/mol)
,-3051.598873064412,-1914905.7572377762
,-3051.5987126087084,-1914905.656550378
,-3051.597194836034,-1914904.7041343648
