mol,ANI_energy(hartree),ANI_energy(kcal/mol)
,-3051.599001810445,-1914905.8380270705
,-3051.5988682960406,-1914905.7542455802
,-3051.5961407874956,-1914904.0427094207
