mol,ANI_energy(hartree),ANI_energy(kcal/mol)
,-3051.5988682960406,-1914905.7542455802
