mol,ANI_energy(hartree),ANI_energy(kcal/mol)
,-3051.5961407874956,-1914904.0427094207
