mol,ANI_energy(hartree),ANI_energy(kcal/mol)
,-3051.5972110484972,-1914904.7143078316
