mol,ANI_energy(hartree),ANI_energy(kcal/mol)
,-3051.5970653747454,-1914904.6228962413
